[{"color":"#FF1565C0","name":"Facebook ads"},{"color":"#FF00B0FF","name":"DynamicLink"},{"color":"#FF2196F3","name":"Pro Tools"},{"color":"#FF8E24AA","name":"When Blocks"},{"color":"#FFD32F2F","name":"Crazy Blocks"},{"color":"#FF039BE5","name":"Background"},{"color":"#FF388E3C","name":"Share"},{"color":"#FFFFA000","name":"File"},{"color":"#FFD84315","name":"MapVariable"},{"color":"#FFD81B60","name":"Design Basics"},{"color":"#FF03A9F4","name":"If Family V2"},{"color":"#FFD81B60","name":"Action Bar"},{"color":"#FF388E3C","name":"AudioManager"},{"color":"#FF03A9F4","name":"WebView"},{"color":"#FFC2185B","name":"PDF (ArabWare)"},{"color":"#FF2196F3","name":"Encrypt-Decrypt"},{"color":"#FF388E3C","name":"QR Generator"},{"color":"#FF00ACC1","name":"LuckyWheel"},{"color":"#FFC62828","name":"Game blocks"},{"color":"#FF00ACC1","name":"textview"},{"color":"#FFD81B60","name":"Mentions"},{"color":"#FF42A5F5","name":"highlight text"},{"color":"#FFEF6C00","name":"LottieAnimation"},{"color":"#FF1976D2","name":"Intent Filter"},{"color":"#FF03A9F4","name":"EasyLazy"},{"color":"#FF00ACC1","name":"SuperUser"},{"color":"#FFEF6C00","name":"ShareApp"},{"color":"#FF00897B","name":"ZebraText"},{"color":"#FF039BE5","name":"Quiz Game"},{"color":"#FF3F51B5","name":"scroll event"},{"color":"#FF9C27B0","name":"SharedPref"},{"color":"#FF0097A7","name":"MediaPlayer"},{"color":"#FF039BE5","name":"Drawer"},{"color":"#FF8E24AA","name":"MoreBlock"},{"color":"#FF1E88E5","name":"CircleProgress"},{"color":"#FFC62828","name":"Listview"},{"color":"#FF6A1B9A","name":"Dialog"},{"color":"#FF00BCD4","name":"Custom Dialog"},{"color":"#FF128198","name":"Dialog Frag"},{"color":"#FFE53935","name":"CustomError"},{"color":"#FF388E3C","name":"CustomPopUp"},{"color":"#FFF57C00","name":"CustomToast"},{"color":"#FF43A047","name":"CustomLinear"},{"color":"#FF1E88E5","name":"Phone Info"},{"color":"#FF388E3C","name":"Battery"},{"color":"#FF0097A7","name":"Menu"},{"color":"#FFF57C00","name":"TimePicker"},{"color":"#FF039BE5","name":"BottomSheet"},{"color":"#FF00ACC1","name":"ObjectAnimator"},{"color":"#FF0097A7","name":"Zip-Unzip"},{"color":"#FF00BCD4","name":"Encryped Zip"},{"color":"#FF00C853","name":"Notifications"},{"color":"#FF29B6F6","name":"Windows •••"},{"color":"#FFE53935","name":"Instagram"},{"color":"#FF1565C0","name":"Time Of Day"},{"color":"#FF039BE5","name":"sketchware"},{"color":"#FFFFA000","name":"Hive Progress"},{"color":"#FF43A047","name":"Operator"},{"color":"#FF0097A7","name":"FloatWindowFix"},{"color":"#FFFFAB00","name":"TastyToast"},{"color":"#FF00ACC1","name":"BottomNavi..."},{"color":"#FF558B2F","name":"CircleImage..."},{"color":"#FF4FC3F7","name":"wallpapers"},{"color":"#FF00BCD4","name":"Progress Dialog"},{"color":"#FF4DD0E1","name":"Progress Dialog 2"},{"color":"#FF6A1B9A","name":"Library Blocks"},{"color":"#FF00BCD4","name":"Slide Root"},{"color":"#FF0288D1","name":"RecyclerView"},{"color":"#FF5E35B1","name":"File 2"},{"color":"#FF03A9F4","name":"Cursor"},{"color":"#FF1976D2","name":"FirebaseAuth"},{"color":"#FFFF9800","name":"GridView"},{"color":"#FF0277BD","name":"LinkedTreeMap"},{"color":"#FF283593","name":"FCM"},{"color":"#FF6A1B9A","name":"OneSignal"},{"color":"#FF3F51B5","name":"InAppPurchase"},{"color":"#FF009688","name":"StartApp"},{"color":"#FFFF1744","name":"YoutubePlayer"},{"color":"#FFFFEB3B","name":"DialogKHUD"},{"color":"#FFFF9800","name":"GoogleSign"},{"color":"#FF9C27B0","name":"Back4ppBlock"},{"color":"#FFCE93D8","name":"TapJoyAds"},{"color":"#FFEF6C00","name":"MobFoxSDK"},{"color":"#808200","name":"FloatingWindo"},{"color":"#FF42A5F5","name":"MaterialRipple"},{"color":"#FF4FC3F7","name":"Text Path"},{"color":"#FF78909C","name":"New Progress"},{"color":"#FFA1887F","name":"drag and drop"},{"color":"#FF80CBC4","name":"cfa"},{"color":"#FF5E35B1","name":"Google Signin type"},{"color":"#FFF06292","name":"WhatsApp Api"},{"color":"#FFF44336","name":"Country code"},{"color":"#FF5C6BC0","name":"Page Viewer"},{"color":"#FFBBDEFB","name":"Intent"},{"color":"#FF00BCD4","name":"Payment method"},{"color":"#FF26A69A","name":"Fb Messanger Api"},{"color":"#FFF9A825","name":"FutureSAnimation"},{"color":"#583358","name":"Circle ImageView Block"},{"color":"#FF80DEEA","name":"BitLyShortener"},{"color":"#FF8C9EFF","name":"FancyButton"},{"color":"#FFEF6C00","name":"Newphromic"},{"color":"#FF00695C","name":"GlideSlider"},{"color":"#FF6200EA","name":"NestedScroll"},{"color":"#FF0091EA","name":"TapTarget"},{"color":"#FF8E24AA","name":"PopupMenu"},{"color":"#FFC0CA33","name":"ASCII"},{"color":"#FF4DD0E1","name":"Scratch View"},{"color":"#FF1976D2","name":"DX LOADING"},{"color":"#FF6A1B9A","name":"Tap Layout"},{"color":"#FFE91E63","name":"Insta Story"},{"color":"#FFFBC02D","name":"Rating Bar"},{"color":"#FF03A9F4","name":"spinner"},{"color":"#FF9E9E9E","name":"IOS Dialog"},{"color":"#FFE53935","name":"Animation"},{"color":"#FF5E35B1","name":"Card View"},{"color":"#FF29B6F6","name":"pattern lock"},{"color":"#FFD81B60","name":"SwipeRefresh"},{"color":"#FF388E3C","name":"success view"},{"color":"#FFBDBDBD","name":"Unity Ads"},{"color":"#FF00ACC1","name":"XML"},{"color":"#FF9575CD","name":"ToolTib View"},{"color":"#FF689F38","name":"pop view"},{"color":"#FF0288D1","name":"wave refresh"},{"color":"#FF616161","name":"camera view"},{"color":"#FFF9A825","name":"Jsoup Blocks"},{"color":"#2196F3","name":"fragments sk pro"},{"color":"#FFD32F2F","name":"Admob Native ads"},{"color":"#FF3949AB","name":"YoYo"},{"color":"#FFF57C00","name":"Alert Notification"},{"color":"#2196F3","name":"Base 64"},{"color":"#FF3F51B5","name":"Image to Text"},{"color":"#FF039BE5","name":"IndoSW"},{"color":"#FFD81B60","name":"RingProgressBar"},{"color":"#FF388E3C","name":"Sanin Toast"},{"color":"#FF0288D1","name":"JavaMail"},{"color":"#FF00838F","name":"ExpandableList"},{"color":"#FF43A047","name":"VideoView"},{"color":"#FF0277BD","name":"TelegramProg"},{"color":"#FFFFA2D5","name":"Picasso"},{"color":"#FFBB86FC","name":"Tools"},{"color":"#5399BB","name":"Co-ToolBar"},{"color":"#FF2E7D32","name":"InAppBilling"},{"color":"#FF0097A7","name":"InAppUpdate"},{"color":"#FF7B1FA2","name":"MaterialText"},{"color":"#FF039BE5","name":"GlideSlider"},{"color":"#FF7CB342","name":"Animation"},{"color":"#FF5E35B1","name":"Threads"},{"color":"#FFD81B60","name":"PropertyEditor"},{"color":"#FF1E88E5","name":"LuckSpinner"},{"color":"#FFE53935","name":"Tablayout sk pro"},{"color":"#FF9575CD","name":"fragments sk pro"},{"color":"#FFD32F2F","name":"Shell"},{"color":"#FF039BE5","name":"FaceBookPoster"}]