[{"color":"#FF3A7BD5","name":"By Amin Samad"},{"color":"#5E35B1","name":"Lottie"},{"color":"#1976D2","name":"View 2"},{"color":"#26C6DA","name":"View Action"},{"color":"#FFB300","name":"Animation"},{"color":"#FB8C00","name":"Control 2"},{"color":"#03A9F4","name":"Pop Up Menu"},{"color":"#795548","name":"File 2"},{"color":"#F4511E","name":"Cursor"},{"color":"#29B6F6","name":"Firebase Auth"},{"color":"#8D6E63","name":"Grid View"},{"color":"#9CCC65","name":"ProgressDialog"},{"color":"#9CCC65","name":"Operator 2"},{"color":"#EF6C00","name":"LindedTreeMap"},{"color":"#03A9F4","name":"Alert Dialog"},{"color":"#F57C00","name":"Dynamic Link"},{"color":"#F57C00","name":"Firebase Cloud Message"},{"color":"#219F6C","name":"One Signal"},{"color":"#FFA817FF","name":"CFAlertDialog"},{"color":"#FF00BFFF","name":"InAppPurchase"},{"color":"#FF00BFFF","name":"OneSignalNew"},{"color":"#FFFF0000","name":"StartApp"},{"color":"#FFE846FF","name":"YoutubePlayer"},{"color":"#FFFFB946","name":"DialogKHUD"},{"color":"#FF6E17FF","name":"CustomDialog"},{"color":"#FFFF0000","name":"GoogleSign"},{"color":"#FF972EFF","name":"Back4ppBlock"},{"color":"#FF0080FF","name":"Others"},{"color":"#FF6E17FF","name":"TapJoyAds"},{"color":"#FFFF5DFF","name":"MobFoxSDK"},{"color":"#FFFF3417","name":"ViewPager"},{"color":"#FF972EFF","name":"TapTarget"},{"color":"#FFFF17A8","name":"CardViewConfig"},{"color":"#FF5D46FF","name":"VideoView"},{"color":"#FF0080FF","name":"Recyclerview"},{"color":"#FF8B46FF","name":"FaceBookAds"},{"color":"#FFFF0000","name":"BitLyShortener"},{"color":"#FF0000FF","name":"ProtectApp"},{"color":"#FF2ECBFF","name":"BottomBarMenu"},{"color":"#FFFF0000","name":"AdBlockWebView"},{"color":"#FFFF0000","name":"NestedScrollView"},{"color":"#FF8000FF","name":"NeomorphicSWRevo"},{"color":"#FF00BFFF","name":"GlideSlider"},{"color":"#FF00BFFF","name":"FancyButton"},{"color":"#FF8BFF46","name":"Mobile Info"},{"color":"#FFFF5D5D","name":"Flashlight"},{"color":"#FFFF74CB","name":"Bottom sheet"},{"color":"#FF63FF2E","name":"FLOATING WINDOW"},{"color":"#FFFF0000","name":"MaterialRipple"},{"color":"#FF0040FF","name":"BottomNavigationView"},{"color":"#FF9787","name":"Text Path"},{"color":"#FF795E","name":"New Progress loading"},{"color":"#FF7D72","name":"Drag and Drop"},{"color":"#FF9270","name":"Notification"},{"color":"#FF8766","name":"circlefloatingaction"},{"color":"#FFEEFFB9","name":"Google Signin type"},{"color":"#FF007E00","name":"WhatsApp Api"},{"color":"#F3FF69","name":"country code"},{"color":"#FFFF00BF","name":"textinputlayout"},{"color":"#FF000000","name":"Page Viewer"},{"color":"#FF1734FF","name":"Intent"},{"color":"#FFFF855D","name":"Payment method"},{"color":"#FFFF3417","name":"CircleImageView"},{"color":"#FF006688","name":"WebView All Extra Blocks"},{"color":"#FF0000FF","name":"FutureSAnimation"},{"color":"#FF0000FF","name":"Fb Messanger Api"},{"color":"#FFFF0000","name":"BitLyShortener"},{"color":"#FF0080FF","name":"Recyclerview"},{"color":"#FF1D0E","name":"RatingBar"},{"color":"#FF007E00","name":"Wa,Fb API"},{"color":"#FFFF855D","name":"UPI Bhim"},{"color":"#FFFF3417","name":"Circle Image View"},{"color":"#FF0000FF","name":"Future S Animation"},{"color":"#FF5722","name":"Developer tool"},{"color":"#2196F3","name":"Action Bar"},{"color":"#AB47BC","name":"Here \u0026 There"},{"color":"#FF6F00","name":"Toasts"},{"color":"#950C00","name":"Drawer"},{"color":"#00838F","name":"Colours"},{"color":"#FF00FFBF","name":"Drag and Drop"},{"color":"#FF00FFFF","name":"Notification"},{"color":"#FF00BFFF","name":"circlefloatingaction"},{"color":"#FF0080FF","name":"New view 3"},{"color":"#FF0040FF","name":"Intent"},{"color":"#FF8000FF","name":"CardView \u0026 Ref"},{"color":"#FFBF00FF","name":"ImagetoAscii"},{"color":"#FFFF00FF","name":"set wallpaper"},{"color":"#FFFF0040","name":"Scratch_code"},{"color":"#FFFF8000","name":"Video Recorder"},{"color":"#FFFFBF00","name":"Circleimageview"},{"color":"#FFFFFF00","name":"Mix"},{"color":"#FFBFFF00","name":"Windows Progress"},{"color":"#FF80FF00","name":"AES Crypt"},{"color":"#FF00FFBF","name":"ZebraTextView"},{"color":"#FF00FFFF","name":"Success View"},{"color":"#FF00BFFF","name":"Arrow Downloader"},{"color":"#FF0080FF","name":"Hive Progress"},{"color":"#FFBF00FF","name":"Base64"},{"color":"#FF6F6FCC","name":"Du Like Float View"},{"color":"#FF0000FF","name":"Custom Drawer"},{"color":"#00DA01","name":"PatternLockView"},{"color":"#FFFF4081","name":"Insta Story By Amin"},{"color":"#FF3F51B5","name":"Animation Activity"},{"color":"#FF009688","name":"Fancy Toast"},{"color":"#FF2196F3","name":"Tools1"},{"color":"#FF9C27B0","name":"By time"},{"color":"#FF00BCD4","name":"Component FirebaseAuth"},{"color":"#FF9E9E9E","name":"Ios Dialog"},{"color":"#FF673AB7","name":"applications"},{"color":"#FFFF5722","name":"PopupMenu"},{"color":"#FF2196F3","name":"DesignBasics"},{"color":"#FF9C27B0","name":"Dialog.json"},{"color":"#FF2196F3","name":"Drawer"},{"color":"#FF2196F3","name":"EasyLazy"},{"color":"#FF2196F3","name":"Encrypt-Decrypt"},{"color":"#FFB71C1C","name":"File 2"},{"color":"#FF2196F3","name":"If Family"},{"color":"#FFB71C1C","name":"Listview"},{"color":"#FF8BC34A","name":"Menu"},{"color":"#FFC2185B","name":"PDF"},{"color":"#FF2196F3","name":"Phone info"},{"color":"#FFF44336","name":"ProgressDialog"},{"color":"#FF8BC34A","name":"Quran"},{"color":"#FF2196F3","name":"Share"},{"color":"#FF00BCD4","name":"textview"},{"color":"#FFF44336","name":"WebView"},{"color":"#FF26A69A","name":"Zip - Unzip"},{"color":"#FF009688","name":"nethicalblock"},{"color":"#FF1A73E9","name":"Jsoup Blocks by Azhar Zouhir"},{"color":"#FF1A73E9","name":"Jsoup Blocks by Azhar Zouhir"},{"color":"#FF1A73E9","name":"AsyncTask by Azhar Zouhir"},{"color":"#FF1A73E9","name":"Base 64"},{"color":"#FF1A73E9","name":"CustomError"},{"color":"#FF1A73E9","name":"array"},{"color":"#FF1A73E9","name":"Tools"},{"color":"#FF1A73E9","name":"Background"},{"color":"#FF1A73E9","name":"BottomNavi..."},{"color":"#FF1A73E9","name":"botones"},{"color":"#FF1A73E9","name":"Crazy Blocks"},{"color":"#FF1A73E9","name":"Cursor"},{"color":"#FF1A73E9","name":"CustomActivity"}]