[{"code":"","color":"#FF3F51B5","name":"azhar zouhir credit jsoup","typeName":"","palette":"137","type":"h","spec":"this blocks made by azhar zouhir"},{"code":"doc%s","color":"#FF3F51B5","name":"doc","typeName":"","palette":"137","type":"s","spec":"doc %s.inputOnly"},{"code":"data_%s","color":"#FF3F51B5","name":"data","typeName":"","palette":"137","type":"s","spec":"data %s.inputOnly"},{"code":"//this code written by azhar zouhir\norg.jsoup.nodes.Document %s \u003d org.jsoup.Jsoup.connect(%s).get();","color":"#FF3F51B5","name":"Jsoup Connect","typeName":"","palette":"137","type":" ","spec":"Jsoup doc %s connect %s "},{"code":"//this code written by azhar zouhir\norg.jsoup.nodes.Document %s \u003d org.jsoup.Jsoup.connect(%s).get();","color":"#FF3F51B5","name":"Jsoup Connect_copy25","typeName":"","palette":"137","type":" ","spec":"Jsoup doc %s connect %s "},{"code":"//this code written by azhar zouhir\norg.jsoup.nodes.Document %s \u003d org.jsoup.Jsoup.parse(%s);","color":"#FF3F51B5","name":"Jsoup Parse","typeName":"","palette":"137","type":" ","spec":"Jsoup doc %s  parse %s"},{"code":"//this code written by azhar zouhir\norg.jsoup.select.Elements %s \u003d %s.select(%s);","color":"#FF3F51B5","name":"Elements select","typeName":"","palette":"137","type":" ","spec":"Elements data: %s doc %s select %s"},{"code":"//this code written by azhar zouhir\norg.jsoup.select.Elements %s \u003d %s.getElementsByClass(%s);","color":"#FF3F51B5","name":"Elements getElementsByClass","typeName":"","palette":"137","type":" ","spec":"Elements data: %s doc %s getElementsByClass %s"},{"code":"","color":"#FF3F51B5","name":"jsoup loops","typeName":"","palette":"137","type":"h","spec":"jsoup loops"},{"code":"for (org.jsoup.nodes.Element links : %1$s) {\n%2$s.add(links.text());\n}","color":"#FF3F51B5","name":"loop text","typeName":"","palette":"137","type":" ","spec":"data: %s extract text to %m.listStr"},{"code":"for (org.jsoup.nodes.Element links : %1$s) {\n{\r\n\tHashMap\u003cString, Object\u003e _item \u003d new HashMap\u003c\u003e();\r\n\t_item.put(%2$s, links.text());\r\n\t%3$s.add(_item);\r\n}\n}","color":"#FF3F51B5","name":"loop text maplist","typeName":"","palette":"137","type":" ","spec":"data: %s extract text to key %s  %m.listMap"},{"code":"for (org.jsoup.nodes.Element links : %1$s) {\n%3$s.add(links.attr(%2$s));\n}","color":"#FF3F51B5","name":"loop attr","typeName":"","palette":"137","type":" ","spec":"data: %s attr %s add to %m.listStr"},{"code":"for (org.jsoup.nodes.Element links : %1$s) {\n{\r\n\tHashMap\u003cString, Object\u003e _item \u003d new HashMap\u003c\u003e();\r\n\t_item.put(%4$s, links.attr(%2$s));\r\n\t%3$s.add(_item);\r\n}\n}","color":"#FF3F51B5","name":"loop attr listmap","typeName":"","palette":"137","type":" ","spec":"data: %s attr %s add to %m.listMap  with key %s "}]