[{"color":"#FFE91E63","name":"Lottie"},{"color":"#4A6CD4","name":"View 2"},{"color":"#2CA5E2","name":"View Action"},{"color":"#FFE91E63","name":"Animation"},{"color":"#E1A92A","name":"Control 2"},{"color":"#2CA5E2","name":"PopupMenu"},{"color":"#A1887F","name":"File 2"},{"color":"#FFF44336","name":"Cursor"},{"color":"#2CA5E2","name":"FirebaseAuth"},{"color":"#FF3F51B5","name":"GridView"},{"color":"#FF03A9F4","name":"ProgressDialog"},{"color":"#5CB722","name":"Operator 2"},{"color":"#EE7D16","name":"LinkedTreeMap"},{"color":"#2CA5E2","name":"Alert Dialog"},{"color":"#FFFF5722","name":"Dynamic Link"},{"color":"#2CA5E2","name":"FCM"},{"color":"#FFF44336","name":"OneSignal"},{"color":"#FFF44336","name":"OneSignalNew"},{"color":"#FF1A237E","name":"CFAlertDialog"},{"color":"#FF9C27B0","name":"InAppPurchase"},{"color":"#FF00BCD4","name":"StartApp"},{"color":"#FF0000","name":"YoutubePlayer"},{"color":"#FF009688","name":"DialogKHUD"},{"color":"#FF00BFA5","name":"CustomDialog"},{"color":"#36A753","name":"GoogleSign"},{"color":"#2CA5E2","name":"Back4AppBlock"},{"color":"#4A6CD4","name":"Others"},{"color":"#DD5245","name":"TapJoyAds"},{"color":"#DD5245","name":"MobFoxSdk"},{"color":"#182F5D","name":"Mobile Details"},{"color":"#FFFFB74D","name":"Flashlight"},{"color":"#2CA5E2","name":"Floating Window"},{"color":"#FFF44336","name":"MaterialRipple"},{"color":"#4A6CD4","name":"BottomNavigation"},{"color":"#182F5D","name":"TextPath"},{"color":"#2CA5E2","name":"NewProgressLoading"},{"color":"#4A6CD4","name":"Drag \u0026 Drop"},{"color":"#8D75FF","name":"Notification p1"},{"color":"#FFFF5722","name":"CFA"},{"color":"#4A6CD4","name":"New View 3"},{"color":"#2CA5E2","name":"Intent \u0026 Share"},{"color":"#320F7F","name":"Cardview \u0026 Ref"},{"color":"#FF3F51B5","name":"Image to Text"},{"color":"#FFAB47BC","name":"Wallpaper"},{"color":"#4A6CD4","name":"Scratch CardView"},{"color":"#2CA5E2","name":"Video Recorder"},{"color":"#FFE91E63","name":"CircleImageView"},{"color":"#FF1DE9B6","name":"Mix"},{"color":"#FF3F51B5","name":"WindowsProgress"},{"color":"#4A6CD4","name":"PatternLock"},{"color":"#FF455A64","name":"ZebraTextView"},{"color":"#FFB2FF59","name":"SuccessView"},{"color":"#FFFFC107","name":"Hive Progress"},{"color":"#FFF50057","name":"TabLayout"},{"color":"#4A6CD4","name":"WebView"},{"color":"#DD5245","name":"VideoView"},{"color":"#2CA5E2","name":"RecyclerView"},{"color":"#FFAA00FF","name":"BitLyDhortener"},{"color":"#5CB722","name":"ProtectApp"},{"color":"#4A6CD4","name":"BottomBarMenu"},{"color":"#4A6CD4","name":"ViewPager"},{"color":"#DD5245","name":"AdBlockWebView"},{"color":"#FF00BFA5","name":"NestedScrollView"},{"color":"#FF455A64","name":"Neomorphic"},{"color":"#FF0D47A1","name":"GlideSlider"},{"color":"#FF4A148C","name":"FancyButton"},{"color":"#0980EC","name":"Facebook Ads"},{"color":"#FF0D47A1","name":"TapTarget"},{"color":"#FFFF8A65","name":"Base64"},{"color":"#3ADF5A","name":"WhatsApp API"},{"color":"#4A6CD4","name":"Page Viewer"},{"color":"#FFFF9100","name":"Du FloatView"},{"color":"#FF2979FF","name":"FB Messanger API"},{"color":"#DD5245","name":"FutureSAnimation"},{"color":"#2CA5E2","name":"Custom Drawer"},{"color":"#FF00E676","name":"Country code"},{"color":"#FF3F51B5","name":"TextInputLayout"},{"color":"#FF2196F3","name":"Payment Method"},{"color":"#4A6CD4","name":"CircleImageView"},{"color":"#FF1A237E","name":"Base 64"},{"color":"#DD5245","name":"BottomSheet"},{"color":"#FFE91E63","name":"Animatoo"},{"color":"#FF01579B","name":"ViewPager \u0026 TabLayout"},{"color":"#FF3F51B5","name":"Dx Loading Button"}]